{"1": {"name": "John Doe", "language": "English", "subjects": ["Mathematics", "Physics"], "level": "Advanced"}, "2": {"name": "John Doe", "language": "English", "subjects": ["Mathematics", "Physics"], "level": "Advanced"}, "3": {"name": "Mario Borja", "language": "French", "subjects": ["Maths", "Philosophy", "Ef"], "level": "Advanced"}, "4": {"name": "Javi", "language": "Spanish", "subjects": ["Maths", "Judo"], "level": "Advanced"}, "5": {"name": "Marcus", "language": "English", "subjects": ["Chess"], "level": "Advanced"}, "6": {"name": "Mario Vaquerizo", "language": "Spanish", "subjects": ["Music", "Piano"], "level": "Medium"}, "7": {"name": "Paola", "language": "English", "subjects": ["Salsa", "Bachata", "Merengue"], "level": "Medium"}, "8": {"name": "Alex", "language": "Maths, physics, chemistry", "subjects": ["Maths", "Physics", "Chemistry"], "level": "Advanced"}, "9": {"name": "Carlos", "language": "French", "subjects": ["Statistics"], "level": "Advanced"}, "10": {"name": "Ana Maria", "language": "English", "subjects": ["Maths", "Chemistry", "Biology"], "level": "Advanced"}, "11": {"name": "Rui", "language": "English", "subjects": ["Economy"], "level": "Advanced"}, "12": {"name": "Ana", "language": "French", "subjects": ["Maths", "Gardening", "Running"], "level": "Medium"}, "13": {"name": "Borja", "language": "Spanish", "subjects": ["Maths", "History", "Tennis"], "level": "Advanced"}, "14": {"name": "Carlota", "language": "English", "subjects": ["Gaming", "Football", "Maths"], "level": "Medium"}, "15": {"name": "Dylan", "language": "Spanish", "subjects": ["Runing", "Physics", "Chinese"], "level": "Advanced"}, "16": {"name": "Elena", "language": "English", "subjects": ["French", "History"], "level": "Medium"}, "17": {"name": "Filem\u00f3n", "language": "Spanish", "subjects": ["Economy", "Statistics", "Luxury"], "level": "Advanced"}, "18": {"name": "Gabriela", "language": "Spanish", "subjects": ["Muai thai", "Salsa", "Portuguese"], "level": "Advanced"}, "19": {"name": "H\u00e9ctor", "language": "English", "subjects": ["French", "Maths", "Biology"], "level": "Medium"}, "20": {"name": "Ignacio", "language": "Spanish", "subjects": ["Maths", "Statistics", "Chemistry"], "level": "Low"}, "21": {"name": "Jacobo", "language": "English", "subjects": ["Running", "Alonsismo", "Marketing"], "level": "Advanced"}, "22": {"name": "Kathy", "language": "English", "subjects": ["Maths", "English", "Karate"], "level": "Advanced"}, "23": {"name": "Laura", "language": "Spanish", "subjects": ["Maths", "Music", "Religion"], "level": "Medium"}, "24": {"name": "Manolo", "language": "Spanish", "subjects": ["Piano", "Violin", "Flute"], "level": "Advanced"}, "25": {"name": "noemi", "language": "French", "subjects": ["French", "History"], "level": "Medium"}, "26": {"name": "oscar", "language": "Spanish", "subjects": ["Programming", "Phyton"], "level": "Medium"}, "27": {"name": "paula", "language": "Spanish", "subjects": ["F1", "Tennis", "Dancing"], "level": "Medium"}, "28": {"name": "Quique", "language": "French", "subjects": ["Maths", "French", "Running"], "level": "Low"}, "29": {"name": "raul", "language": "Spanish", "subjects": ["Maths", "Biology", "Running"], "level": "Medium"}, "30": {"name": "sandra", "language": "Spanish", "subjects": ["Psychology", "Astrology", "History"], "level": "Advanced"}, "31": {"name": "teodoro", "language": "Spanish", "subjects": ["Philosofy", "Religion", "Piano"], "level": "Advanced"}, "32": {"name": "Juan Manuel", "language": "Spanish", "subjects": ["Music", "Maths", "Programming"], "level": "Advanced"}, "33": {"name": "Antonio", "language": "Spanish", "subjects": ["History", "Literature"], "level": "Medium", "email": "joseantonio@gmail.com", "phone_number": "+34 658952123"}, "34": {"name": "Philip", "language": "Spanis", "subjects": ["Mathematics"], "level": "Medium", "email": "philip@gmail.com", "phone_number": "+34 65814522"}}